Location,Year,Event,Day,Date
rio,2016,marathon men,1,2016-08-05
rio,2016,100m men,1,2016-08-05
rio,2016,long jump men,1,2016-08-05
rio,2016,20km race walk men,2,2016-08-06
rio,2016,shot put men,2,2016-08-06
rio,2016,decathlon men,17,2016-08-21
rio,2016,400m hurdles men,3,2016-08-07
rio,2016,triple jump men,3,2016-08-07
rio,2016,high jump women,3,2016-08-07
rio,2016,3000m steeplechase men,4,2016-08-08
rio,2016,pole vault men,4,2016-08-08
rio,2016,discus throw women,4,2016-08-08
rio,2016,800m men,5,2016-08-09
rio,2016,110m hurdles men,5,2016-08-09
rio,2016,hammer throw women,6,2016-08-10
rio,2016,200m men,6,2016-08-10
rio,2016,400m women,7,2016-08-11
rio,2016,javelin throw men,7,2016-08-11
rio,2016,10000m men,8,2016-08-12
rio,2016,400m hurdles women,8,2016-08-12
rio,2016,long jump women,9,2016-08-13
rio,2016,20km race walk women,9,2016-08-13
rio,2016,100m hurdles women,10,2016-08-14
rio,2016,shot put women,10,2016-08-14
rio,2016,1500m men,11,2016-08-15
rio,2016,5000m women,11,2016-08-15
rio,2016,triple jump women,12,2016-08-16
rio,2016,marathon women,12,2016-08-16
rio,2016,high jump men,13,2016-08-17
rio,2016,discus throw men,13,2016-08-17
rio,2016,800m women,14,2016-08-18
rio,2016,200m women,14,2016-08-18
rio,2016,pole vault women,15,2016-08-19
rio,2016,5000m men,15,2016-08-19
rio,2016,javelin throw women,16,2016-08-20
rio,2016,1500m women,16,2016-08-20
rio,2016,hammer throw men,17,2016-08-21
beijing,2008,marathon men,1,2008-08-08
beijing,2008,100m men,1,2008-08-08
beijing,2008,long jump men,1,2008-08-08
beijing,2008,20km race walk men,2,2008-08-09
beijing,2008,shot put men,2,2008-08-09
beijing,2008,decathlon men,17,2008-08-24
beijing,2008,400m hurdles men,3,2008-08-10
beijing,2008,triple jump men,3,2008-08-10
beijing,2008,high jump women,3,2008-08-10
beijing,2008,3000m steeplechase men,4,2008-08-11
beijing,2008,pole vault men,4,2008-08-11
beijing,2008,discus throw women,4,2008-08-11
beijing,2008,800m men,5,2008-08-12
beijing,2008,110m hurdles men,5,2008-08-12
beijing,2008,hammer throw women,6,2008-08-13
beijing,2008,200m men,6,2008-08-13
beijing,2008,400m women,7,2008-08-14
beijing,2008,javelin throw men,7,2008-08-14
beijing,2008,10000m men,8,2008-08-15
beijing,2008,400m hurdles women,8,2008-08-15
beijing,2008,long jump women,9,2008-08-16
beijing,2008,20km race walk women,9,2008-08-16
beijing,2008,100m hurdles women,10,2008-08-17
beijing,2008,shot put women,10,2008-08-17
beijing,2008,1500m men,11,2008-08-18
beijing,2008,5000m women,11,2008-08-18
beijing,2008,triple jump women,12,2008-08-19
beijing,2008,marathon women,12,2008-08-19
beijing,2008,high jump men,13,2008-08-20
beijing,2008,discus throw men,13,2008-08-20
beijing,2008,800m women,14,2008-08-21
beijing,2008,200m women,14,2008-08-21
beijing,2008,pole vault women,15,2008-08-22
beijing,2008,5000m men,15,2008-08-22
beijing,2008,javelin throw women,16,2008-08-23
beijing,2008,1500m women,16,2008-08-23
beijing,2008,hammer throw men,17,2008-08-24
athens,1896,marathon men,1,1896-04-06
athens,1896,100m men,1,1896-04-06
athens,1896,long jump men,1,1896-04-06
athens,1896,20km race walk men,1,1896-04-06
athens,1896,shot put men,2,1896-04-07
athens,1896,decathlon men,10,1896-04-15
athens,1896,400m hurdles men,2,1896-04-07
athens,1896,triple jump men,2,1896-04-07
athens,1896,high jump women,3,1896-04-08
athens,1896,3000m steeplechase men,3,1896-04-08
athens,1896,pole vault men,3,1896-04-08
athens,1896,discus throw women,3,1896-04-08
athens,1896,800m men,4,1896-04-09
athens,1896,110m hurdles men,4,1896-04-09
athens,1896,hammer throw women,4,1896-04-09
athens,1896,200m men,4,1896-04-09
athens,1896,400m women,5,1896-04-10
athens,1896,javelin throw men,5,1896-04-10
athens,1896,10000m men,5,1896-04-10
athens,1896,400m hurdles women,5,1896-04-10
athens,1896,long jump women,6,1896-04-11
athens,1896,20km race walk women,6,1896-04-11
athens,1896,100m hurdles women,6,1896-04-11
athens,1896,shot put women,6,1896-04-11
athens,1896,1500m men,7,1896-04-12
athens,1896,5000m women,7,1896-04-12
athens,1896,triple jump women,7,1896-04-12
athens,1896,marathon women,7,1896-04-12
athens,1896,high jump men,8,1896-04-13
athens,1896,discus throw men,8,1896-04-13
athens,1896,800m women,8,1896-04-13
athens,1896,200m women,8,1896-04-13
athens,1896,pole vault women,9,1896-04-14
athens,1896,5000m men,9,1896-04-14
athens,1896,javelin throw women,9,1896-04-14
athens,1896,1500m women,10,1896-04-15
athens,1896,hammer throw men,10,1896-04-15
sydney,2000,marathon men,1,2000-09-15
sydney,2000,100m men,1,2000-09-15
sydney,2000,long jump men,1,2000-09-15
sydney,2000,20km race walk men,1,2000-09-15
sydney,2000,shot put men,2,2000-09-16
sydney,2000,decathlon men,10,2000-09-24
sydney,2000,400m hurdles men,2,2000-09-16
sydney,2000,triple jump men,2,2000-09-16
sydney,2000,high jump women,3,2000-09-17
sydney,2000,3000m steeplechase men,3,2000-09-17
sydney,2000,pole vault men,3,2000-09-17
sydney,2000,discus throw women,3,2000-09-17
sydney,2000,800m men,4,2000-09-18
sydney,2000,110m hurdles men,4,2000-09-18
sydney,2000,hammer throw women,4,2000-09-18
sydney,2000,200m men,4,2000-09-18
sydney,2000,400m women,5,2000-09-19
sydney,2000,javelin throw men,5,2000-09-19
sydney,2000,10000m men,5,2000-09-19
sydney,2000,400m hurdles women,5,2000-09-19
sydney,2000,long jump women,6,2000-09-20
sydney,2000,20km race walk women,6,2000-09-20
sydney,2000,100m hurdles women,6,2000-09-20
sydney,2000,shot put women,6,2000-09-20
sydney,2000,1500m men,7,2000-09-21
sydney,2000,5000m women,7,2000-09-21
sydney,2000,triple jump women,7,2000-09-21
sydney,2000,marathon women,7,2000-09-21
sydney,2000,high jump men,8,2000-09-22
sydney,2000,discus throw men,8,2000-09-22
sydney,2000,800m women,8,2000-09-22
sydney,2000,200m women,8,2000-09-22
sydney,2000,pole vault women,9,2000-09-23
sydney,2000,5000m men,9,2000-09-23
sydney,2000,javelin throw women,9,2000-09-23
sydney,2000,1500m women,10,2000-09-24
sydney,2000,hammer throw men,10,2000-09-24
atlanta,1996,marathon men,1,1996-07-19
atlanta,1996,100m men,1,1996-07-19
atlanta,1996,long jump men,1,1996-07-19
atlanta,1996,20km race walk men,2,1996-07-20
atlanta,1996,shot put men,2,1996-07-20
atlanta,1996,decathlon men,17,1996-08-04
atlanta,1996,400m hurdles men,3,1996-07-21
atlanta,1996,triple jump men,3,1996-07-21
atlanta,1996,high jump women,3,1996-07-21
atlanta,1996,3000m steeplechase men,4,1996-07-22
atlanta,1996,pole vault men,4,1996-07-22
atlanta,1996,discus throw women,4,1996-07-22
atlanta,1996,800m men,5,1996-07-23
atlanta,1996,110m hurdles men,5,1996-07-23
atlanta,1996,hammer throw women,6,1996-07-24
atlanta,1996,200m men,6,1996-07-24
atlanta,1996,400m women,7,1996-07-25
atlanta,1996,javelin throw men,7,1996-07-25
atlanta,1996,10000m men,8,1996-07-26
atlanta,1996,400m hurdles women,8,1996-07-26
atlanta,1996,long jump women,9,1996-07-27
atlanta,1996,20km race walk women,9,1996-07-27
atlanta,1996,100m hurdles women,10,1996-07-28
atlanta,1996,shot put women,10,1996-07-28
atlanta,1996,1500m men,11,1996-07-29
atlanta,1996,5000m women,11,1996-07-29
atlanta,1996,triple jump women,12,1996-07-30
atlanta,1996,marathon women,12,1996-07-30
atlanta,1996,high jump men,13,1996-07-31
atlanta,1996,discus throw men,13,1996-07-31
atlanta,1996,800m women,14,1996-08-01
atlanta,1996,200m women,14,1996-08-01
atlanta,1996,pole vault women,15,1996-08-02
atlanta,1996,5000m men,15,1996-08-02
atlanta,1996,javelin throw women,16,1996-08-03
atlanta,1996,1500m women,16,1996-08-03
atlanta,1996,hammer throw men,17,1996-08-04
barcelona,1992,marathon men,1,1992-07-25
barcelona,1992,100m men,1,1992-07-25
barcelona,1992,long jump men,1,1992-07-25
barcelona,1992,20km race walk men,2,1992-07-26
barcelona,1992,shot put men,2,1992-07-26
barcelona,1992,decathlon men,16,1992-08-09
barcelona,1992,400m hurdles men,3,1992-07-27
barcelona,1992,triple jump men,3,1992-07-27
barcelona,1992,high jump women,3,1992-07-27
barcelona,1992,3000m steeplechase men,4,1992-07-28
barcelona,1992,pole vault men,4,1992-07-28
barcelona,1992,discus throw women,4,1992-07-28
barcelona,1992,800m men,5,1992-07-29
barcelona,1992,110m hurdles men,5,1992-07-29
barcelona,1992,hammer throw women,5,1992-07-29
barcelona,1992,200m men,6,1992-07-30
barcelona,1992,400m women,6,1992-07-30
barcelona,1992,javelin throw men,6,1992-07-30
barcelona,1992,10000m men,7,1992-07-31
barcelona,1992,400m hurdles women,7,1992-07-31
barcelona,1992,long jump women,8,1992-08-01
barcelona,1992,20km race walk women,8,1992-08-01
barcelona,1992,100m hurdles women,9,1992-08-02
barcelona,1992,shot put women,9,1992-08-02
barcelona,1992,1500m men,10,1992-08-03
barcelona,1992,5000m women,10,1992-08-03
barcelona,1992,triple jump women,11,1992-08-04
barcelona,1992,marathon women,11,1992-08-04
barcelona,1992,high jump men,12,1992-08-05
barcelona,1992,discus throw men,12,1992-08-05
barcelona,1992,800m women,13,1992-08-06
barcelona,1992,200m women,13,1992-08-06
barcelona,1992,pole vault women,14,1992-08-07
barcelona,1992,5000m men,14,1992-08-07
barcelona,1992,javelin throw women,15,1992-08-08
barcelona,1992,1500m women,15,1992-08-08
barcelona,1992,hammer throw men,16,1992-08-09
seoul,1988,marathon men,1,1988-09-17
seoul,1988,100m men,1,1988-09-17
seoul,1988,long jump men,1,1988-09-17
seoul,1988,20km race walk men,1,1988-09-17
seoul,1988,shot put men,2,1988-09-18
seoul,1988,decathlon men,10,1988-09-26
seoul,1988,400m hurdles men,2,1988-09-18
seoul,1988,triple jump men,2,1988-09-18
seoul,1988,high jump women,3,1988-09-19
seoul,1988,3000m steeplechase men,3,1988-09-19
seoul,1988,pole vault men,3,1988-09-19
seoul,1988,discus throw women,3,1988-09-19
seoul,1988,800m men,4,1988-09-20
seoul,1988,110m hurdles men,4,1988-09-20
seoul,1988,hammer throw women,4,1988-09-20
seoul,1988,200m men,4,1988-09-20
seoul,1988,400m women,5,1988-09-21
seoul,1988,javelin throw men,5,1988-09-21
seoul,1988,10000m men,5,1988-09-21
seoul,1988,400m hurdles women,5,1988-09-21
seoul,1988,long jump women,6,1988-09-22
seoul,1988,20km race walk women,6,1988-09-22
seoul,1988,100m hurdles women,6,1988-09-22
seoul,1988,shot put women,6,1988-09-22
seoul,1988,1500m men,7,1988-09-23
seoul,1988,5000m women,7,1988-09-23
seoul,1988,triple jump women,7,1988-09-23
seoul,1988,marathon women,7,1988-09-23
seoul,1988,high jump men,8,1988-09-24
seoul,1988,discus throw men,8,1988-09-24
seoul,1988,800m women,8,1988-09-24
seoul,1988,200m women,8,1988-09-24
seoul,1988,pole vault women,9,1988-09-25
seoul,1988,5000m men,9,1988-09-25
seoul,1988,javelin throw women,9,1988-09-25
seoul,1988,1500m women,10,1988-09-26
seoul,1988,hammer throw men,10,1988-09-26
los angeles,1932,marathon men,1,1932-07-30
los angeles,1932,100m men,1,1932-07-30
los angeles,1932,long jump men,1,1932-07-30
los angeles,1932,20km race walk men,2,1932-07-31
los angeles,1932,shot put men,2,1932-07-31
los angeles,1932,decathlon men,16,1932-08-14
los angeles,1932,400m hurdles men,3,1932-08-01
los angeles,1932,triple jump men,3,1932-08-01
los angeles,1932,high jump women,3,1932-08-01
los angeles,1932,3000m steeplechase men,4,1932-08-02
los angeles,1932,pole vault men,4,1932-08-02
los angeles,1932,discus throw women,4,1932-08-02
los angeles,1932,800m men,5,1932-08-03
los angeles,1932,110m hurdles men,5,1932-08-03
los angeles,1932,hammer throw women,5,1932-08-03
los angeles,1932,200m men,6,1932-08-04
los angeles,1932,400m women,6,1932-08-04
los angeles,1932,javelin throw men,6,1932-08-04
los angeles,1932,10000m men,7,1932-08-05
los angeles,1932,400m hurdles women,7,1932-08-05
los angeles,1932,long jump women,8,1932-08-06
los angeles,1932,20km race walk women,8,1932-08-06
los angeles,1932,100m hurdles women,9,1932-08-07
los angeles,1932,shot put women,9,1932-08-07
los angeles,1932,1500m men,10,1932-08-08
los angeles,1932,5000m women,10,1932-08-08
los angeles,1932,triple jump women,11,1932-08-09
los angeles,1932,marathon women,11,1932-08-09
los angeles,1932,high jump men,12,1932-08-10
los angeles,1932,discus throw men,12,1932-08-10
los angeles,1932,800m women,13,1932-08-11
los angeles,1932,200m women,13,1932-08-11
los angeles,1932,pole vault women,14,1932-08-12
los angeles,1932,5000m men,14,1932-08-12
los angeles,1932,javelin throw women,15,1932-08-13
los angeles,1932,1500m women,15,1932-08-13
los angeles,1932,hammer throw men,16,1932-08-14
moscow,1980,marathon men,1,1980-07-19
moscow,1980,100m men,1,1980-07-19
moscow,1980,long jump men,1,1980-07-19
moscow,1980,20km race walk men,2,1980-07-20
moscow,1980,shot put men,2,1980-07-20
moscow,1980,decathlon men,16,1980-08-03
moscow,1980,400m hurdles men,3,1980-07-21
moscow,1980,triple jump men,3,1980-07-21
moscow,1980,high jump women,3,1980-07-21
moscow,1980,3000m steeplechase men,4,1980-07-22
moscow,1980,pole vault men,4,1980-07-22
moscow,1980,discus throw women,4,1980-07-22
moscow,1980,800m men,5,1980-07-23
moscow,1980,110m hurdles men,5,1980-07-23
moscow,1980,hammer throw women,5,1980-07-23
moscow,1980,200m men,6,1980-07-24
moscow,1980,400m women,6,1980-07-24
moscow,1980,javelin throw men,6,1980-07-24
moscow,1980,10000m men,7,1980-07-25
moscow,1980,400m hurdles women,7,1980-07-25
moscow,1980,long jump women,8,1980-07-26
moscow,1980,20km race walk women,8,1980-07-26
moscow,1980,100m hurdles women,9,1980-07-27
moscow,1980,shot put women,9,1980-07-27
moscow,1980,1500m men,10,1980-07-28
moscow,1980,5000m women,10,1980-07-28
moscow,1980,triple jump women,11,1980-07-29
moscow,1980,marathon women,11,1980-07-29
moscow,1980,high jump men,12,1980-07-30
moscow,1980,discus throw men,12,1980-07-30
moscow,1980,800m women,13,1980-07-31
moscow,1980,200m women,13,1980-07-31
moscow,1980,pole vault women,14,1980-08-01
moscow,1980,5000m men,14,1980-08-01
moscow,1980,javelin throw women,15,1980-08-02
moscow,1980,1500m women,15,1980-08-02
moscow,1980,hammer throw men,16,1980-08-03
montreal,1976,marathon men,1,1976-07-17
montreal,1976,100m men,1,1976-07-17
montreal,1976,long jump men,1,1976-07-17
montreal,1976,20km race walk men,2,1976-07-18
montreal,1976,shot put men,2,1976-07-18
montreal,1976,decathlon men,16,1976-08-01
montreal,1976,400m hurdles men,3,1976-07-19
montreal,1976,triple jump men,3,1976-07-19
montreal,1976,high jump women,3,1976-07-19
montreal,1976,3000m steeplechase men,4,1976-07-20
montreal,1976,pole vault men,4,1976-07-20
montreal,1976,discus throw women,4,1976-07-20
montreal,1976,800m men,5,1976-07-21
montreal,1976,110m hurdles men,5,1976-07-21
montreal,1976,hammer throw women,5,1976-07-21
montreal,1976,200m men,6,1976-07-22
montreal,1976,400m women,6,1976-07-22
montreal,1976,javelin throw men,6,1976-07-22
montreal,1976,10000m men,7,1976-07-23
montreal,1976,400m hurdles women,7,1976-07-23
montreal,1976,long jump women,8,1976-07-24
montreal,1976,20km race walk women,8,1976-07-24
montreal,1976,100m hurdles women,9,1976-07-25
montreal,1976,shot put women,9,1976-07-25
montreal,1976,1500m men,10,1976-07-26
montreal,1976,5000m women,10,1976-07-26
montreal,1976,triple jump women,11,1976-07-27
montreal,1976,marathon women,11,1976-07-27
montreal,1976,high jump men,12,1976-07-28
montreal,1976,discus throw men,12,1976-07-28
montreal,1976,800m women,13,1976-07-29
montreal,1976,200m women,13,1976-07-29
montreal,1976,pole vault women,14,1976-07-30
montreal,1976,5000m men,14,1976-07-30
montreal,1976,javelin throw women,15,1976-07-31
montreal,1976,1500m women,15,1976-07-31
montreal,1976,hammer throw men,16,1976-08-01
munich,1972,marathon men,1,1972-08-26
munich,1972,100m men,1,1972-08-26
munich,1972,long jump men,1,1972-08-26
munich,1972,20km race walk men,2,1972-08-27
munich,1972,shot put men,2,1972-08-27
munich,1972,decathlon men,16,1972-09-10
munich,1972,400m hurdles men,3,1972-08-28
munich,1972,triple jump men,3,1972-08-28
munich,1972,high jump women,3,1972-08-28
munich,1972,3000m steeplechase men,4,1972-08-29
munich,1972,pole vault men,4,1972-08-29
munich,1972,discus throw women,4,1972-08-29
munich,1972,800m men,5,1972-08-30
munich,1972,110m hurdles men,5,1972-08-30
munich,1972,hammer throw women,5,1972-08-30
munich,1972,200m men,6,1972-08-31
munich,1972,400m women,6,1972-08-31
munich,1972,javelin throw men,6,1972-08-31
munich,1972,10000m men,7,1972-09-01
munich,1972,400m hurdles women,7,1972-09-01
munich,1972,long jump women,8,1972-09-02
munich,1972,20km race walk women,8,1972-09-02
munich,1972,100m hurdles women,9,1972-09-03
munich,1972,shot put women,9,1972-09-03
munich,1972,1500m men,10,1972-09-04
munich,1972,5000m women,10,1972-09-04
munich,1972,triple jump women,11,1972-09-05
munich,1972,marathon women,11,1972-09-05
munich,1972,high jump men,12,1972-09-06
munich,1972,discus throw men,12,1972-09-06
munich,1972,800m women,13,1972-09-07
munich,1972,200m women,13,1972-09-07
munich,1972,pole vault women,14,1972-09-08
munich,1972,5000m men,14,1972-09-08
munich,1972,javelin throw women,15,1972-09-09
munich,1972,1500m women,15,1972-09-09
munich,1972,hammer throw men,16,1972-09-10
mexico city,1968,marathon men,1,1968-10-12
mexico city,1968,100m men,1,1968-10-12
mexico city,1968,long jump men,1,1968-10-12
mexico city,1968,20km race walk men,2,1968-10-13
mexico city,1968,shot put men,2,1968-10-13
mexico city,1968,decathlon men,16,1968-10-27
mexico city,1968,400m hurdles men,3,1968-10-14
mexico city,1968,triple jump men,3,1968-10-14
mexico city,1968,high jump women,3,1968-10-14
mexico city,1968,3000m steeplechase men,4,1968-10-15
mexico city,1968,pole vault men,4,1968-10-15
mexico city,1968,discus throw women,4,1968-10-15
mexico city,1968,800m men,5,1968-10-16
mexico city,1968,110m hurdles men,5,1968-10-16
mexico city,1968,hammer throw women,5,1968-10-16
mexico city,1968,200m men,6,1968-10-17
mexico city,1968,400m women,6,1968-10-17
mexico city,1968,javelin throw men,6,1968-10-17
mexico city,1968,10000m men,7,1968-10-18
mexico city,1968,400m hurdles women,7,1968-10-18
mexico city,1968,long jump women,8,1968-10-19
mexico city,1968,20km race walk women,8,1968-10-19
mexico city,1968,100m hurdles women,9,1968-10-20
mexico city,1968,shot put women,9,1968-10-20
mexico city,1968,1500m men,10,1968-10-21
mexico city,1968,5000m women,10,1968-10-21
mexico city,1968,triple jump women,11,1968-10-22
mexico city,1968,marathon women,11,1968-10-22
mexico city,1968,high jump men,12,1968-10-23
mexico city,1968,discus throw men,12,1968-10-23
mexico city,1968,800m women,13,1968-10-24
mexico city,1968,200m women,13,1968-10-24
mexico city,1968,pole vault women,14,1968-10-25
mexico city,1968,5000m men,14,1968-10-25
mexico city,1968,javelin throw women,15,1968-10-26
mexico city,1968,1500m women,15,1968-10-26
mexico city,1968,hammer throw men,16,1968-10-27
tokyo,1964,marathon men,1,1964-10-10
tokyo,1964,100m men,1,1964-10-10
tokyo,1964,long jump men,1,1964-10-10
tokyo,1964,20km race walk men,2,1964-10-11
tokyo,1964,shot put men,2,1964-10-11
tokyo,1964,decathlon men,15,1964-10-24
tokyo,1964,400m hurdles men,3,1964-10-12
tokyo,1964,triple jump men,3,1964-10-12
tokyo,1964,high jump women,3,1964-10-12
tokyo,1964,3000m steeplechase men,4,1964-10-13
tokyo,1964,pole vault men,4,1964-10-13
tokyo,1964,discus throw women,4,1964-10-13
tokyo,1964,800m men,5,1964-10-14
tokyo,1964,110m hurdles men,5,1964-10-14
tokyo,1964,hammer throw women,5,1964-10-14
tokyo,1964,200m men,6,1964-10-15
tokyo,1964,400m women,6,1964-10-15
tokyo,1964,javelin throw men,6,1964-10-15
tokyo,1964,10000m men,7,1964-10-16
tokyo,1964,400m hurdles women,7,1964-10-16
tokyo,1964,long jump women,7,1964-10-16
tokyo,1964,20km race walk women,8,1964-10-17
tokyo,1964,100m hurdles women,8,1964-10-17
tokyo,1964,shot put women,8,1964-10-17
tokyo,1964,1500m men,9,1964-10-18
tokyo,1964,5000m women,9,1964-10-18
tokyo,1964,triple jump women,10,1964-10-19
tokyo,1964,marathon women,10,1964-10-19
tokyo,1964,high jump men,11,1964-10-20
tokyo,1964,discus throw men,11,1964-10-20
tokyo,1964,800m women,12,1964-10-21
tokyo,1964,200m women,12,1964-10-21
tokyo,1964,pole vault women,13,1964-10-22
tokyo,1964,5000m men,13,1964-10-22
tokyo,1964,javelin throw women,14,1964-10-23
tokyo,1964,1500m women,14,1964-10-23
tokyo,1964,hammer throw men,15,1964-10-24
rome,1960,marathon men,1,1960-08-25
rome,1960,100m men,1,1960-08-25
rome,1960,long jump men,1,1960-08-25
rome,1960,20km race walk men,2,1960-08-26
rome,1960,shot put men,2,1960-08-26
rome,1960,decathlon men,18,1960-09-11
rome,1960,400m hurdles men,3,1960-08-27
rome,1960,triple jump men,3,1960-08-27
rome,1960,high jump women,4,1960-08-28
rome,1960,3000m steeplechase men,4,1960-08-28
rome,1960,pole vault men,5,1960-08-29
rome,1960,discus throw women,5,1960-08-29
rome,1960,800m men,6,1960-08-30
rome,1960,110m hurdles men,6,1960-08-30
rome,1960,hammer throw women,7,1960-08-31
rome,1960,200m men,7,1960-08-31
rome,1960,400m women,8,1960-09-01
rome,1960,javelin throw men,8,1960-09-01
rome,1960,10000m men,9,1960-09-02
rome,1960,400m hurdles women,9,1960-09-02
rome,1960,long jump women,10,1960-09-03
rome,1960,20km race walk women,10,1960-09-03
rome,1960,100m hurdles women,11,1960-09-04
rome,1960,shot put women,11,1960-09-04
rome,1960,1500m men,12,1960-09-05
rome,1960,5000m women,12,1960-09-05
rome,1960,triple jump women,13,1960-09-06
rome,1960,marathon women,13,1960-09-06
rome,1960,high jump men,14,1960-09-07
rome,1960,discus throw men,14,1960-09-07
rome,1960,800m women,15,1960-09-08
rome,1960,200m women,15,1960-09-08
rome,1960,pole vault women,16,1960-09-09
rome,1960,5000m men,16,1960-09-09
rome,1960,javelin throw women,17,1960-09-10
rome,1960,1500m women,17,1960-09-10
rome,1960,hammer throw men,18,1960-09-11
melbourne,1956,marathon men,1,1956-11-22
melbourne,1956,100m men,1,1956-11-22
melbourne,1956,long jump men,1,1956-11-22
melbourne,1956,20km race walk men,1,1956-11-22
melbourne,1956,shot put men,2,1956-11-23
melbourne,1956,decathlon men,10,1956-12-01
melbourne,1956,400m hurdles men,2,1956-11-23
melbourne,1956,triple jump men,2,1956-11-23
melbourne,1956,high jump women,3,1956-11-24
melbourne,1956,3000m steeplechase men,3,1956-11-24
melbourne,1956,pole vault men,3,1956-11-24
melbourne,1956,discus throw women,3,1956-11-24
melbourne,1956,800m men,4,1956-11-25
melbourne,1956,110m hurdles men,4,1956-11-25
melbourne,1956,hammer throw women,4,1956-11-25
melbourne,1956,200m men,4,1956-11-25
melbourne,1956,400m women,5,1956-11-26
melbourne,1956,javelin throw men,5,1956-11-26
melbourne,1956,10000m men,5,1956-11-26
melbourne,1956,400m hurdles women,5,1956-11-26
melbourne,1956,long jump women,6,1956-11-27
melbourne,1956,20km race walk women,6,1956-11-27
melbourne,1956,100m hurdles women,6,1956-11-27
melbourne,1956,shot put women,6,1956-11-27
melbourne,1956,1500m men,7,1956-11-28
melbourne,1956,5000m women,7,1956-11-28
melbourne,1956,triple jump women,7,1956-11-28
melbourne,1956,marathon women,7,1956-11-28
melbourne,1956,high jump men,8,1956-11-29
melbourne,1956,discus throw men,8,1956-11-29
melbourne,1956,800m women,8,1956-11-29
melbourne,1956,200m women,8,1956-11-29
melbourne,1956,pole vault women,9,1956-11-30
melbourne,1956,5000m men,9,1956-11-30
melbourne,1956,javelin throw women,9,1956-11-30
melbourne,1956,1500m women,10,1956-12-01
melbourne,1956,hammer throw men,10,1956-12-01
helsinki,1952,marathon men,1,1952-07-19
helsinki,1952,100m men,1,1952-07-19
helsinki,1952,long jump men,1,1952-07-19
helsinki,1952,20km race walk men,2,1952-07-20
helsinki,1952,shot put men,2,1952-07-20
helsinki,1952,decathlon men,16,1952-08-03
helsinki,1952,400m hurdles men,3,1952-07-21
helsinki,1952,triple jump men,3,1952-07-21
helsinki,1952,high jump women,3,1952-07-21
helsinki,1952,3000m steeplechase men,4,1952-07-22
helsinki,1952,pole vault men,4,1952-07-22
helsinki,1952,discus throw women,4,1952-07-22
helsinki,1952,800m men,5,1952-07-23
helsinki,1952,110m hurdles men,5,1952-07-23
helsinki,1952,hammer throw women,5,1952-07-23
helsinki,1952,200m men,6,1952-07-24
helsinki,1952,400m women,6,1952-07-24
helsinki,1952,javelin throw men,6,1952-07-24
helsinki,1952,10000m men,7,1952-07-25
helsinki,1952,400m hurdles women,7,1952-07-25
helsinki,1952,long jump women,8,1952-07-26
helsinki,1952,20km race walk women,8,1952-07-26
helsinki,1952,100m hurdles women,9,1952-07-27
helsinki,1952,shot put women,9,1952-07-27
helsinki,1952,1500m men,10,1952-07-28
helsinki,1952,5000m women,10,1952-07-28
helsinki,1952,triple jump women,11,1952-07-29
helsinki,1952,marathon women,11,1952-07-29
helsinki,1952,high jump men,12,1952-07-30
helsinki,1952,discus throw men,12,1952-07-30
helsinki,1952,800m women,13,1952-07-31
helsinki,1952,200m women,13,1952-07-31
helsinki,1952,pole vault women,14,1952-08-01
helsinki,1952,5000m men,14,1952-08-01
helsinki,1952,javelin throw women,15,1952-08-02
helsinki,1952,1500m women,15,1952-08-02
helsinki,1952,hammer throw men,16,1952-08-03
london,1908,marathon men,1,1908-04-27
london,1908,100m men,1,1908-04-27
london,1908,long jump men,1,1908-04-27
london,1908,20km race walk men,1,1908-04-27
london,1908,shot put men,2,1908-04-28
london,1908,decathlon men,10,1908-05-06
london,1908,400m hurdles men,2,1908-04-28
london,1908,triple jump men,2,1908-04-28
london,1908,high jump women,3,1908-04-29
london,1908,3000m steeplechase men,3,1908-04-29
london,1908,pole vault men,3,1908-04-29
london,1908,discus throw women,3,1908-04-29
london,1908,800m men,4,1908-04-30
london,1908,110m hurdles men,4,1908-04-30
london,1908,hammer throw women,4,1908-04-30
london,1908,200m men,4,1908-04-30
london,1908,400m women,5,1908-05-01
london,1908,javelin throw men,5,1908-05-01
london,1908,10000m men,5,1908-05-01
london,1908,400m hurdles women,5,1908-05-01
london,1908,long jump women,6,1908-05-02
london,1908,20km race walk women,6,1908-05-02
london,1908,100m hurdles women,6,1908-05-02
london,1908,shot put women,6,1908-05-02
london,1908,1500m men,7,1908-05-03
london,1908,5000m women,7,1908-05-03
london,1908,triple jump women,7,1908-05-03
london,1908,marathon women,7,1908-05-03
london,1908,high jump men,8,1908-05-04
london,1908,discus throw men,8,1908-05-04
london,1908,800m women,8,1908-05-04
london,1908,200m women,8,1908-05-04
london,1908,pole vault women,9,1908-05-05
london,1908,5000m men,9,1908-05-05
london,1908,javelin throw women,9,1908-05-05
london,1908,1500m women,10,1908-05-06
london,1908,hammer throw men,10,1908-05-06
berlin,1936,marathon men,1,1936-08-01
berlin,1936,100m men,1,1936-08-01
berlin,1936,long jump men,1,1936-08-01
berlin,1936,20km race walk men,2,1936-08-02
berlin,1936,shot put men,2,1936-08-02
berlin,1936,decathlon men,16,1936-08-16
berlin,1936,400m hurdles men,3,1936-08-03
berlin,1936,triple jump men,3,1936-08-03
berlin,1936,high jump women,3,1936-08-03
berlin,1936,3000m steeplechase men,4,1936-08-04
berlin,1936,pole vault men,4,1936-08-04
berlin,1936,discus throw women,4,1936-08-04
berlin,1936,800m men,5,1936-08-05
berlin,1936,110m hurdles men,5,1936-08-05
berlin,1936,hammer throw women,5,1936-08-05
berlin,1936,200m men,6,1936-08-06
berlin,1936,400m women,6,1936-08-06
berlin,1936,javelin throw men,6,1936-08-06
berlin,1936,10000m men,7,1936-08-07
berlin,1936,400m hurdles women,7,1936-08-07
berlin,1936,long jump women,8,1936-08-08
berlin,1936,20km race walk women,8,1936-08-08
berlin,1936,100m hurdles women,9,1936-08-09
berlin,1936,shot put women,9,1936-08-09
berlin,1936,1500m men,10,1936-08-10
berlin,1936,5000m women,10,1936-08-10
berlin,1936,triple jump women,11,1936-08-11
berlin,1936,marathon women,11,1936-08-11
berlin,1936,high jump men,12,1936-08-12
berlin,1936,discus throw men,12,1936-08-12
berlin,1936,800m women,13,1936-08-13
berlin,1936,200m women,13,1936-08-13
berlin,1936,pole vault women,14,1936-08-14
berlin,1936,5000m men,14,1936-08-14
berlin,1936,javelin throw women,15,1936-08-15
berlin,1936,1500m women,15,1936-08-15
berlin,1936,hammer throw men,16,1936-08-16
amsterdam,1928,marathon men,1,1928-07-28
amsterdam,1928,100m men,1,1928-07-28
amsterdam,1928,long jump men,1,1928-07-28
amsterdam,1928,20km race walk men,2,1928-07-29
amsterdam,1928,shot put men,2,1928-07-29
amsterdam,1928,decathlon men,16,1928-08-12
amsterdam,1928,400m hurdles men,3,1928-07-30
amsterdam,1928,triple jump men,3,1928-07-30
amsterdam,1928,high jump women,3,1928-07-30
amsterdam,1928,3000m steeplechase men,4,1928-07-31
amsterdam,1928,pole vault men,4,1928-07-31
amsterdam,1928,discus throw women,4,1928-07-31
amsterdam,1928,800m men,5,1928-08-01
amsterdam,1928,110m hurdles men,5,1928-08-01
amsterdam,1928,hammer throw women,5,1928-08-01
amsterdam,1928,200m men,6,1928-08-02
amsterdam,1928,400m women,6,1928-08-02
amsterdam,1928,javelin throw men,6,1928-08-02
amsterdam,1928,10000m men,7,1928-08-03
amsterdam,1928,400m hurdles women,7,1928-08-03
amsterdam,1928,long jump women,8,1928-08-04
amsterdam,1928,20km race walk women,8,1928-08-04
amsterdam,1928,100m hurdles women,9,1928-08-05
amsterdam,1928,shot put women,9,1928-08-05
amsterdam,1928,1500m men,10,1928-08-06
amsterdam,1928,5000m women,10,1928-08-06
amsterdam,1928,triple jump women,11,1928-08-07
amsterdam,1928,marathon women,11,1928-08-07
amsterdam,1928,high jump men,12,1928-08-08
amsterdam,1928,discus throw men,12,1928-08-08
amsterdam,1928,800m women,13,1928-08-09
amsterdam,1928,200m women,13,1928-08-09
amsterdam,1928,pole vault women,14,1928-08-10
amsterdam,1928,5000m men,14,1928-08-10
amsterdam,1928,javelin throw women,15,1928-08-11
amsterdam,1928,1500m women,15,1928-08-11
amsterdam,1928,hammer throw men,16,1928-08-12
paris,1900,marathon men,1,1900-05-14
paris,1900,100m men,1,1900-05-14
paris,1900,long jump men,1,1900-05-14
paris,1900,20km race walk men,2,1900-05-15
paris,1900,shot put men,2,1900-05-15
paris,1900,decathlon men,15,1900-05-28
paris,1900,400m hurdles men,3,1900-05-16
paris,1900,triple jump men,3,1900-05-16
paris,1900,high jump women,3,1900-05-16
paris,1900,3000m steeplechase men,4,1900-05-17
paris,1900,pole vault men,4,1900-05-17
paris,1900,discus throw women,4,1900-05-17
paris,1900,800m men,5,1900-05-18
paris,1900,110m hurdles men,5,1900-05-18
paris,1900,hammer throw women,5,1900-05-18
paris,1900,200m men,6,1900-05-19
paris,1900,400m women,6,1900-05-19
paris,1900,javelin throw men,6,1900-05-19
paris,1900,10000m men,7,1900-05-20
paris,1900,400m hurdles women,7,1900-05-20
paris,1900,long jump women,7,1900-05-20
paris,1900,20km race walk women,8,1900-05-21
paris,1900,100m hurdles women,8,1900-05-21
paris,1900,shot put women,8,1900-05-21
paris,1900,1500m men,9,1900-05-22
paris,1900,5000m women,9,1900-05-22
paris,1900,triple jump women,10,1900-05-23
paris,1900,marathon women,10,1900-05-23
paris,1900,high jump men,11,1900-05-24
paris,1900,discus throw men,11,1900-05-24
paris,1900,800m women,12,1900-05-25
paris,1900,200m women,12,1900-05-25
paris,1900,pole vault women,13,1900-05-26
paris,1900,5000m men,13,1900-05-26
paris,1900,javelin throw women,14,1900-05-27
paris,1900,1500m women,14,1900-05-27
paris,1900,hammer throw men,15,1900-05-28
antwerp,1920,marathon men,1,1920-08-14
antwerp,1920,100m men,1,1920-08-14
antwerp,1920,long jump men,1,1920-08-14
antwerp,1920,20km race walk men,2,1920-08-15
antwerp,1920,shot put men,2,1920-08-15
antwerp,1920,decathlon men,16,1920-08-29
antwerp,1920,400m hurdles men,3,1920-08-16
antwerp,1920,triple jump men,3,1920-08-16
antwerp,1920,high jump women,3,1920-08-16
antwerp,1920,3000m steeplechase men,4,1920-08-17
antwerp,1920,pole vault men,4,1920-08-17
antwerp,1920,discus throw women,4,1920-08-17
antwerp,1920,800m men,5,1920-08-18
antwerp,1920,110m hurdles men,5,1920-08-18
antwerp,1920,hammer throw women,5,1920-08-18
antwerp,1920,200m men,6,1920-08-19
antwerp,1920,400m women,6,1920-08-19
antwerp,1920,javelin throw men,6,1920-08-19
antwerp,1920,10000m men,7,1920-08-20
antwerp,1920,400m hurdles women,7,1920-08-20
antwerp,1920,long jump women,8,1920-08-21
antwerp,1920,20km race walk women,8,1920-08-21
antwerp,1920,100m hurdles women,9,1920-08-22
antwerp,1920,shot put women,9,1920-08-22
antwerp,1920,1500m men,10,1920-08-23
antwerp,1920,5000m women,10,1920-08-23
antwerp,1920,triple jump women,11,1920-08-24
antwerp,1920,marathon women,11,1920-08-24
antwerp,1920,high jump men,12,1920-08-25
antwerp,1920,discus throw men,12,1920-08-25
antwerp,1920,800m women,13,1920-08-26
antwerp,1920,200m women,13,1920-08-26
antwerp,1920,pole vault women,14,1920-08-27
antwerp,1920,5000m men,14,1920-08-27
antwerp,1920,javelin throw women,15,1920-08-28
antwerp,1920,1500m women,15,1920-08-28
antwerp,1920,hammer throw men,16,1920-08-29
stockholm,1912,marathon men,1,1912-07-06
stockholm,1912,100m men,1,1912-07-06
stockholm,1912,long jump men,1,1912-07-06
stockholm,1912,20km race walk men,1,1912-07-06
stockholm,1912,shot put men,2,1912-07-07
stockholm,1912,decathlon men,10,1912-07-15
stockholm,1912,400m hurdles men,2,1912-07-07
stockholm,1912,triple jump men,2,1912-07-07
stockholm,1912,high jump women,3,1912-07-08
stockholm,1912,3000m steeplechase men,3,1912-07-08
stockholm,1912,pole vault men,3,1912-07-08
stockholm,1912,discus throw women,3,1912-07-08
stockholm,1912,800m men,4,1912-07-09
stockholm,1912,110m hurdles men,4,1912-07-09
stockholm,1912,hammer throw women,4,1912-07-09
stockholm,1912,200m men,4,1912-07-09
stockholm,1912,400m women,5,1912-07-10
stockholm,1912,javelin throw men,5,1912-07-10
stockholm,1912,10000m men,5,1912-07-10
stockholm,1912,400m hurdles women,5,1912-07-10
stockholm,1912,long jump women,6,1912-07-11
stockholm,1912,20km race walk women,6,1912-07-11
stockholm,1912,100m hurdles women,6,1912-07-11
stockholm,1912,shot put women,6,1912-07-11
stockholm,1912,1500m men,7,1912-07-12
stockholm,1912,5000m women,7,1912-07-12
stockholm,1912,triple jump women,7,1912-07-12
stockholm,1912,marathon women,7,1912-07-12
stockholm,1912,high jump men,8,1912-07-13
stockholm,1912,discus throw men,8,1912-07-13
stockholm,1912,800m women,8,1912-07-13
stockholm,1912,200m women,8,1912-07-13
stockholm,1912,pole vault women,9,1912-07-14
stockholm,1912,5000m men,9,1912-07-14
stockholm,1912,javelin throw women,9,1912-07-14
stockholm,1912,1500m women,10,1912-07-15
stockholm,1912,hammer throw men,10,1912-07-15
st. louis,1904,marathon men,1,1904-07-01
st. louis,1904,100m men,1,1904-07-01
st. louis,1904,long jump men,1,1904-07-01
st. louis,1904,20km race walk men,1,1904-07-01
st. louis,1904,shot put men,2,1904-07-02
st. louis,1904,decathlon men,10,1904-07-10
st. louis,1904,400m hurdles men,2,1904-07-02
st. louis,1904,triple jump men,2,1904-07-02
st. louis,1904,high jump women,3,1904-07-03
st. louis,1904,3000m steeplechase men,3,1904-07-03
st. louis,1904,pole vault men,3,1904-07-03
st. louis,1904,discus throw women,3,1904-07-03
st. louis,1904,800m men,4,1904-07-04
st. louis,1904,110m hurdles men,4,1904-07-04
st. louis,1904,hammer throw women,4,1904-07-04
st. louis,1904,200m men,4,1904-07-04
st. louis,1904,400m women,5,1904-07-05
st. louis,1904,javelin throw men,5,1904-07-05
st. louis,1904,10000m men,5,1904-07-05
st. louis,1904,400m hurdles women,5,1904-07-05
st. louis,1904,long jump women,6,1904-07-06
st. louis,1904,20km race walk women,6,1904-07-06
st. louis,1904,100m hurdles women,6,1904-07-06
st. louis,1904,shot put women,6,1904-07-06
st. louis,1904,1500m men,7,1904-07-07
st. louis,1904,5000m women,7,1904-07-07
st. louis,1904,triple jump women,7,1904-07-07
st. louis,1904,marathon women,7,1904-07-07
st. louis,1904,high jump men,8,1904-07-08
st. louis,1904,discus throw men,8,1904-07-08
st. louis,1904,800m women,8,1904-07-08
st. louis,1904,200m women,8,1904-07-08
st. louis,1904,pole vault women,9,1904-07-09
st. louis,1904,5000m men,9,1904-07-09
st. louis,1904,javelin throw women,9,1904-07-09
st. louis,1904,1500m women,10,1904-07-10
st. louis,1904,hammer throw men,10,1904-07-10
